,precision,recall,f1-score,support
0,0.9439024390243902,0.9105882352941177,0.9269461077844311,425.0
1,0.86,0.9076517150395779,0.883183568677792,379.0
2,0.9770408163265306,0.964735516372796,0.9708491761723701,397.0
3,0.949748743718593,0.9473684210526315,0.9485570890840652,399.0
accuracy,0.9325,0.9325,0.9325,0.9325
macro avg,0.9326729997673784,0.9325859719397808,0.9323839854296646,1600.0
weighted avg,0.9337084308816982,0.9325,0.9328625436388995,1600.0
